Woolworths Exact Name,Brand,Generic Name,Size,Category
Bickford's Iced Mocha Coffee Syrup 500mL,Bickford's,Iced Mocha Coffee Syrup,500mL,Coffee
Bounty Chocolate Bar 50g,Bounty,Chocolate Bar,50g,Chocolate
Daily Juice Co Orange Fruit Juice With Pulp 500mL,Daily Juice,Juice Co Orange Fruit Juice With Pulp,500mL,Juice
Dare No Added Sugar Double Espresso Iced Coffee 2L,Dare,No Added Sugar Double Espresso Iced Coffee,2L,Coffee
Eclipse Intense Sugar Free Mints Tin 40g,Eclipse,Intense Sugar Free Mints Tin,40g,Chocolate
Evamay Pads With Wings Super 14 pack,Evamay,Pads With Wings Super,14 pack,Medical
Extra Spearmint Sugar Free Chewing Gum Multipack 81g,Extra,Spearmint Sugar Free Chewing Gum Multipack,81g,Chocolate
Farmers Union Greek Style Natural Yoghurt 1kg,Farmers Union,Union Greek Style Natural Yoghurt,1kg,Dairy
Green's Pancake Mix Original Shake 200g,Green's,Pancake Mix Original Shake,200g,Pantry
Hillview Cheese Slices Full Fat 500g,Hillview,Cheese Slices Full Fat,500g,Dairy
Bananas Kids 5 pack,Home,Kids,5 pack,Fruit & Veg
Blueberries Punnet 125g,Home,Punnet,125g,Fruit & Veg
Capsicum Green each,Home,Green each,Each,Fruit & Veg
Essentials Raw Sugar 3kg,Home,Raw Sugar,3kg,Pantry
Gourmet Tomato each,Home,Tomato each,Each,Fruit & Veg
Lebanese Cucumbers each,Home,Cucumbers each,Each,Fruit & Veg
Raspberries Punnet 170g,Home,Punnet,170g,Fruit & Veg
Spring Onion Bunch each,Home,Onion Bunch each,Each,Fruit & Veg
Strawberries Punnet 250g,Home,Punnet,250g,Fruit & Veg
Woolworths 12 Extra Large Free Range Eggs 700g,Home,12 Extra Large Free Range Eggs,700g,Dairy
Woolworths Cheddar Cheese Puff Pastry Twist Crackers 150g,Home,Cheddar Cheese Puff Pastry Twist Crackers,150g,Dairy
Woolworths Choc Hazelnut Spread 750g,Home,Choc Hazelnut Spread,750g,Chocolate
Woolworths Cookies & Cream Ice Cream Sandwich 4 pack,Home,Cookies & Cream Ice Cream Sandwich,4 pack,Freezer
Woolworths Fresh Herb Coriander Bunch each,Home,Fresh Herb Coriander Bunch each,Each,Fruit & Veg
Woolworths Jalapeno & Cheese Croissant 2 pack,Home,Jalapeno & Cheese Croissant,2 pack,Bakery
Woolworths Natural Tasty Cheese & Crackers 50g,Home,Natural Tasty Cheese & Crackers,50g,Dairy
Woolworths Onion Brown Bag 1kg,Home,Onion Brown Bag,1kg,Fruit & Veg
Woolworths Royal Gala Apple Punnet 1kg,Home,Royal Gala Apple Punnet,1kg,Fruit & Veg
Woolworths Supreme Cheese Corn Chips 175g,Home,Supreme Cheese Corn Chips,175g,Chips
Hot Hands Hand Warmers Pair each,Hot Hands,Hands Hand Warmers Pair each,Each,Misc.
Jumpy's Chicken Potato Chips Multipack School Snacks 5 pack,Jumpy's,Chicken Potato Chips Multipack School Snacks,5 pack,Chips
Kettle Potato Chips Chilli 165g,Kettle,Potato Chips Chilli,165g,Chips
Loacker Quadratini Chocolate 125g,Loacker,Quadratini Chocolate,125g,Chocolate
McCain Pickers Jalapeno Cheese Nuggets 230g,McCain,Pickers Jalapeno Cheese Nuggets,230g,Freezer
Mount Franklin Mineral Water Lightly Sparkling Lime Bottle 450mL,Mount Franklin,Franklin Mineral Water Lightly Sparkling Lime Bottle,450mL,Water
Mount Franklin Spring Water Bottle 600mL,Mount Franklin,Franklin Spring Water Bottle,600mL,Water
Mr Beast Feastables Milk Chocolate Bar 60g,Mr Beast,Beast Feastables Milk Chocolate Bar,60g,Chocolate
Mr Kipling Choc Slice 6 pack,Mr Kipling,Kipling Choc Slice,6 pack,Bakery
Chobani Fit High Protein Greek Yoghurt Pouch Strawberry 150g,Chobani,Chobani Strawberry Pouch,150g,Dairy
Nu Pure Still Spring Water 600mL,Nu Pure,Pure Still Spring Water,600mL,Water
Nutella Hazelnut Chocolate Spread With Breadsticks 48g,Nutella,Hazelnut Chocolate Spread With Breadsticks,48g,Chocolate
Red Bull Energy Drink Sugar Free 250mL,Red Bull,Bull Energy Drink Sugar Free,250mL,Drinks
Smith's Potato Chips Kids' Lunchbox Multipack Cheese & Onion 8 pack,Smith's,Potato Chips Kids' Lunchbox Multipack Cheese & Onion,8 pack,Chips
So Good Chocolate Almond Long Life Milk UHT 1L,So Good,Good Chocolate Almond Long Life Milk UHT,1L,Milk
Sunbites Grain Waves Wholegrain Snacks 8 Multipack 176g,Sunbites,Grain Waves Wholegrain Snacks 8 Multipack,176g,Chips
Sunbites Grainwaves Wholegrain Chips Sour Cream & Chives 60g,Sunbites,Grainwaves Wholegrain Chips Sour Cream & Chives,60g,Chips
Sunny Queen 12 Extra Large Free Range Eggs 700g,Sunny Queen,Queen 12 Extra Large Free Range Eggs,700g,Dairy
The Juice Brothers Tropical Juice 1L,The Juice Brothers,Juice Brothers Tropical Juice,1L,Juice
Twisted Healthy Treats Licks Rich Chocolate Frozen Dessert Sticks 80mL x 4 pack,Twisted,Healthy Treats Licks Rich Chocolate Frozen Dessert Sticks  x 4 pack,80mL,Freezer
Up&Go Liquid Breakfast Strawberry 250mL x 3 pack,Up&Go,Liquid Breakfast Strawberry  x 3 pack,250mL,Drinks
Up&Go Protein Energize Liquid Breakfast Choc 500mL,Up&Go,Protein Energize Liquid Breakfast Choc,500mL,Drinks
V Energy Drink Watermelon Candy Zero Sugar 250mL,V,Energy Drink Watermelon Candy Zero Sugar,250mL,Drinks
V Energy Zero Sugar Drink 250mL,V,Energy Zero Sugar Drink,250mL,Drinks
V Refresh Energy Drink Zero Sugar Blackcurrant & Yuzu 250mL,V,Refresh Energy Drink Zero Sugar Blackcurrant & Yuzu,250mL,Drinks
Weet-Bix Little Kids Breakfast Cereal 400g,Weet-Bix,Little Kids Breakfast Cereal,400g,Baby
Wonder White Bread Vitamins & Minerals Sandwich 700g,Wonder,White Bread Vitamins & Minerals Sandwich,700g,Bakery
