no,kind,name
2,real,Tasty Cheese Crackers
3,real,Garbage Bags
4,real,Wholemeal Sandwich Bread
5,real,Baking Paper 15m
6,real,White Soft Sandwich Bread
7,real,Medium Sandwich bags 30Pk
8,real,Softner
9,real,Sandwich Icecream 4Pk
10,real,Aluminium Foil 30m
11,real,Banana Kids 5
12,real,Full Cream Milk 3L
13,real,Dare No Sugar Dbl Expresso 2L
14,real,Organic Free Range Eggs 12 Pack 600g
15,real,Salted Cashews
16,real,Battery AAA
17,real,Battery AA
18,real,Tomato
19,real,Bounty Chocolate
20,real,Capsicum Green each
21,real,Sunbites Sour 60g
22,real,Corn Chips
23,real,Evamay Pads With Wings Super 14 pack
24,real,Nutella Breadsticks
25,real,Mount Franklin Water 600Ml
26,real,Hot Hands Hand Warmers Pair each
27,real,Spring Onion Bunch each
28,real,V Watermelon 250Ml
29,real,V Blackcurrent 250Ml
30,real,V Zero 250 Ml
31,real,Red Rock Chilli Sriracha
32,real,Chobani 15G Protein Greek Yogurt Strawberry Pouch 150g
33,real,Red Bull Sugar Free
34,real,Woolworths Fresh Herb Coriander Bunch each
35,real,Loacker Chocolate
36,real,Mount Franklin Sparkling Lime 450Ml
37,real,Eclipse Intense Mint
38,real,So Chocolate Almond 1L
39,real,Brown Onion 1Kg
40,real,Up&Go Chocolate Protein 500Ml
41,real,Daily Juice Orange Pulp 500ml
42,real,Jumpy's Chicken Potato Chips 5 pack
43,real,Cheese Puff Pastry
44,real,Jumpy's Chicken Multipack
45,real,Hillview Cheese Slice
46,real,Wonder White Bread
47,real,Raw Sugar 3Kg
48,real,Up&Go Strawberry 3*250ml
49,real,Royal Gala Apple 1 Kg
50,real,the Juice Brothers Tropical
51,real,Weet Bix Kids
52,real,Kettle Chilli 165G
53,real,Sunbites Sour Cream Mulipack
54,real,Mr Kipling Choc 6 Pk
55,real,Chocolate Hazelnut Spread
56,real,Eggs Free Rage 12Pc
57,real,Farmer Union Greek Yoghurt 1Kg
58,real,Blueberries
59,real,Mccain Jalepeno
60,real,Sunny Queen Free Range 12 Pk
61,real,Twisted Chocolate Icecream
62,real,Radiant Advanced Ultra Powder+
63,real,Strawberries
64,real,Raspberries Punnet 125g
65,real,Extra Spearmint Chewing Multipack
66,real,Sunbites Grain Waves Sour Cream & Chives 22g x 8 pack
67,real,Smith Cheese & Onion Multipack 8
68,real,V Watermelon 4*250
69,real,V Sugarfree 4*250
70,real,David Beckham Instinct
71,real,Greek Salad Kit 400g
72,real,Tegel Nashville Tenders 500g
73,real,Obela Hommus 3Pk 60g
74,real,Freshen Up Spray
75,real,Greek Salad Kit 270g
76,real,Steggles Korean Tenders 600g
77,real,Steggles Habanero Wings 1Kg
78,real,Woolworths Beef Mince 500g
79,real,Yumi's Herb Falafel 200g
80,real,Carman's Apple & Blueberry Fruit Straps 5 pack
81,real,Woolworths Greek Style Fetta 200g
82,real,Tamar Valley Dairy Yoghurt Mango & Cream 170g
83,real,Farmers Union Greek Style High Protein Yoghurt Pouch Mango 150g
84,real,Tamar Valley Dairy Yoghurt Mango & Cream 700g
85,real,Tegel Take Outs Nashville Style Chicken Burgers 600g
86,real,Birds Eye Golden Crunch Thin & Crispy Chips 900g
87,real,V Energy Zero Sugar Drink Blackcurrant & Yuzu 250mL
88,real,Glow Lab Coconut & Sandalwood Body Wash 900mL
89,real,White Glo Professional Whitening Toothpaste 115g
90,real,RAW SUGAR 2KG
91,real,Woolworths Little Gem Lettuce Green 2 pack
92,real,Full+ On The Go Meal Replacement Chocolate 480mL
93,real,DAIRY FARMERS THICK & CREAMY MANGO & PASSIONFRUIT YOGHURT
94,real,Green's Original Pancake Shake 375g
95,real,Thanks To Nature Shaving Cream Cherry Blossom & White Tea 150mL
96,real,Woolworths Tasty Shredded Cheese 500g
97,real,Woolworths Mozzarella Shredded Cheese 500g
98,real,Woolworths Light Tasty Shredded Cheese 500g
99,real,LIDDELLS LACTOSE FREE SHREDDED CHEESE 250G
100,real,Bio Cheese Dairy Free Cheddar Slices 200g
101,real,Woolworths Microwave Basmati Rice 250g
102,real,Woolworths Pasta Spirals 500g
103,real,Yucateco XXXTRA Hot Habanero Sauce 120mL
104,real,Mount Franklin Lightly Sparkling Water Lime Bottle 1.25L
105,real,Woolworths Coat & Cook Seasoning Mix Southern Fried Chicken 50g
106,real,DermaVeen Daily Nourish Moisturising Lotion 500mL
107,real,DermaVeen Extra Hydration Intensive Moisturising Lotion 500mL
108,real,DERMAVEEN EXTRA HYDRATION INTENSIVE MOISTURISING LOTION COLLOIDAL OATMEAL
109,real,Casa Serena 500ml Body Lotion/Moisturiser Hand/Skin Cream Blood Orange & Citrus
110,real,CETAPHIL MOISTURISING LOTION 473ML
111,real,AVEENO DAILY MOISTURISING BODY LOTION
112,real,Mozzarella Cheese Sticks 235g 10 Pack
113,real,Olive Oil Spread 500g
114,real,Lindt Hot Choc Flakes Tin 210g
114,synth,ZZT8 0001 Rice Crackers 250g
115,synth,ZZT8 0002 Dish Soap 250g
116,synth,ZZT8 0003 Almond Milk 250g
117,synth,ZZT8 0004 Turmeric Powder 250g
118,synth,ZZT8 0005 Green Tea 250g
119,synth,ZZT8 0006 Pasta Sauce 250g
120,synth,ZZT8 0007 Rye Bread 500g
121,synth,ZZT8 0008 Olive Oil 500g
122,synth,ZZT8 0009 Chickpeas 500g
123,synth,ZZT8 0010 Basmati Rice 500g
124,synth,ZZT8 0011 Salty Crackers 500g
125,synth,ZZT8 0012 Coconut Yoghurt 500g
126,synth,ZZT8 0013 Butter Beans 500g
127,synth,ZZT8 0014 Tomato Paste 1kg
128,synth,ZZT8 0015 Maple Syrup 1kg
129,synth,ZZT8 0016 Peanut Butter 1kg
130,synth,ZZT8 0017 Corn Flakes 1kg
131,synth,ZZT8 0018 Paper Towel 1kg
132,synth,ZZT8 0019 Dish Sponges 1kg
133,synth,ZZT8 0020 Vanilla Ice Cream 1kg
134,synth,ZZT8 0021 Salted Cashews 2L
135,synth,ZZT8 0022 Muesli Bars 2L
136,synth,ZZT8 0023 Long Life Milk 2L
137,synth,ZZT8 0024 Black Coffee 2L
138,synth,ZZT8 0025 Sparkling Water 2L
139,synth,ZZT8 0026 Rice Crackers 2L
140,synth,ZZT8 0027 Dish Soap 2L
141,synth,ZZT8 0028 Almond Milk 750mL
142,synth,ZZT8 0029 Turmeric Powder 750mL
143,synth,ZZT8 0030 Green Tea 750mL
144,synth,ZZT8 0031 Pasta Sauce 750mL
145,synth,ZZT8 0032 Rye Bread 750mL
146,synth,ZZT8 0033 Olive Oil 750mL
147,synth,ZZT8 0034 Chickpeas 750mL
148,synth,ZZT8 0035 Basmati Rice 12 Pack
149,synth,ZZT8 0036 Salty Crackers 12 Pack
150,synth,ZZT8 0037 Coconut Yoghurt 12 Pack
151,synth,ZZT8 0038 Butter Beans 12 Pack
152,synth,ZZT8 0039 Tomato Paste 12 Pack
153,synth,ZZT8 0040 Maple Syrup 12 Pack
154,synth,ZZT8 0041 Peanut Butter 12 Pack
155,synth,ZZT8 0042 Corn Flakes 5 Pack
156,synth,ZZT8 0043 Paper Towel 5 Pack
157,synth,ZZT8 0044 Dish Sponges 5 Pack
158,synth,ZZT8 0045 Vanilla Ice Cream 5 Pack
159,synth,ZZT8 0046 Salted Cashews 5 Pack
160,synth,ZZT8 0047 Muesli Bars 5 Pack
161,synth,ZZT8 0048 Long Life Milk 5 Pack
162,synth,ZZT8 0049 Black Coffee 300g
163,synth,ZZT8 0050 Sparkling Water 300g
164,synth,ZZT8 0051 Rice Crackers 300g
165,synth,ZZT8 0052 Dish Soap 300g
166,synth,ZZT8 0053 Almond Milk 300g
167,synth,ZZT8 0054 Turmeric Powder 300g
168,synth,ZZT8 0055 Green Tea 300g
169,synth,ZZT8 0056 Pasta Sauce 150g
170,synth,ZZT8 0057 Rye Bread 150g
171,synth,ZZT8 0058 Olive Oil 150g
172,synth,ZZT8 0059 Chickpeas 150g
173,synth,ZZT8 0060 Basmati Rice 150g
174,synth,ZZT8 0061 Salty Crackers 150g
175,synth,ZZT8 0062 Coconut Yoghurt 150g
176,synth,ZZT8 0063 Butter Beans 4 Pack
177,synth,ZZT8 0064 Tomato Paste 4 Pack
178,synth,ZZT8 0065 Maple Syrup 4 Pack
179,synth,ZZT8 0066 Peanut Butter 4 Pack
180,synth,ZZT8 0067 Corn Flakes 4 Pack
181,synth,ZZT8 0068 Paper Towel 4 Pack
182,synth,ZZT8 0069 Dish Sponges 4 Pack
183,synth,ZZT8 0070 Vanilla Ice Cream 250g
184,synth,ZZT8 0071 Salted Cashews 250g
185,synth,ZZT8 0072 Muesli Bars 250g
186,synth,ZZT8 0073 Long Life Milk 250g
187,synth,ZZT8 0074 Black Coffee 250g
188,synth,ZZT8 0075 Sparkling Water 250g
189,synth,ZZT8 0076 Rice Crackers 250g
190,synth,ZZT8 0077 Dish Soap 500g
191,synth,ZZT8 0078 Almond Milk 500g
192,synth,ZZT8 0079 Turmeric Powder 500g
193,synth,ZZT8 0080 Green Tea 500g
194,synth,ZZT8 0081 Pasta Sauce 500g
195,synth,ZZT8 0082 Rye Bread 500g
196,synth,ZZT8 0083 Olive Oil 500g
197,synth,ZZT8 0084 Chickpeas 1kg
198,synth,ZZT8 0085 Basmati Rice 1kg
199,synth,ZZT8 0086 Salty Crackers 1kg
200,synth,ZZT8 0087 Coconut Yoghurt 1kg
201,synth,ZZT8 0088 Butter Beans 1kg
202,synth,ZZT8 0089 Tomato Paste 1kg
203,synth,ZZT8 0090 Maple Syrup 1kg
204,synth,ZZT8 0091 Peanut Butter 2L
205,synth,ZZT8 0092 Corn Flakes 2L
206,synth,ZZT8 0093 Paper Towel 2L
207,synth,ZZT8 0094 Dish Sponges 2L
208,synth,ZZT8 0095 Vanilla Ice Cream 2L
209,synth,ZZT8 0096 Salted Cashews 2L
210,synth,ZZT8 0097 Muesli Bars 2L
211,synth,ZZT8 0098 Long Life Milk 750mL
212,synth,ZZT8 0099 Black Coffee 750mL
213,synth,ZZT8 0100 Sparkling Water 750mL
214,synth,ZZT8 0101 Rice Crackers 750mL
215,synth,ZZT8 0102 Dish Soap 750mL
216,synth,ZZT8 0103 Almond Milk 750mL
217,synth,ZZT8 0104 Turmeric Powder 750mL
218,synth,ZZT8 0105 Green Tea 12 Pack
219,synth,ZZT8 0106 Pasta Sauce 12 Pack
220,synth,ZZT8 0107 Rye Bread 12 Pack
221,synth,ZZT8 0108 Olive Oil 12 Pack
222,synth,ZZT8 0109 Chickpeas 12 Pack
223,synth,ZZT8 0110 Basmati Rice 12 Pack
224,synth,ZZT8 0111 Salty Crackers 12 Pack
225,synth,ZZT8 0112 Coconut Yoghurt 5 Pack
226,synth,ZZT8 0113 Butter Beans 5 Pack
227,synth,ZZT8 0114 Tomato Paste 5 Pack
228,synth,ZZT8 0115 Maple Syrup 5 Pack
229,synth,ZZT8 0116 Peanut Butter 5 Pack
230,synth,ZZT8 0117 Corn Flakes 5 Pack
231,synth,ZZT8 0118 Paper Towel 5 Pack
232,synth,ZZT8 0119 Dish Sponges 300g
233,synth,ZZT8 0120 Vanilla Ice Cream 300g
234,synth,ZZT8 0121 Salted Cashews 300g
235,synth,ZZT8 0122 Muesli Bars 300g
236,synth,ZZT8 0123 Long Life Milk 300g
237,synth,ZZT8 0124 Black Coffee 300g
238,synth,ZZT8 0125 Sparkling Water 300g
239,synth,ZZT8 0126 Rice Crackers 150g
240,synth,ZZT8 0127 Dish Soap 150g
241,synth,ZZT8 0128 Almond Milk 150g
242,synth,ZZT8 0129 Turmeric Powder 150g
243,synth,ZZT8 0130 Green Tea 150g
244,synth,ZZT8 0131 Pasta Sauce 150g
245,synth,ZZT8 0132 Rye Bread 150g
246,synth,ZZT8 0133 Olive Oil 4 Pack
247,synth,ZZT8 0134 Chickpeas 4 Pack
248,synth,ZZT8 0135 Basmati Rice 4 Pack
249,synth,ZZT8 0136 Salty Crackers 4 Pack
250,synth,ZZT8 0137 Coconut Yoghurt 4 Pack
251,synth,ZZT8 0138 Butter Beans 4 Pack
252,synth,ZZT8 0139 Tomato Paste 4 Pack
253,synth,ZZT8 0140 Maple Syrup 250g
254,synth,ZZT8 0141 Peanut Butter 250g
255,synth,ZZT8 0142 Corn Flakes 250g
256,synth,ZZT8 0143 Paper Towel 250g
257,synth,ZZT8 0144 Dish Sponges 250g
258,synth,ZZT8 0145 Vanilla Ice Cream 250g
259,synth,ZZT8 0146 Salted Cashews 250g
260,synth,ZZT8 0147 Muesli Bars 500g
261,synth,ZZT8 0148 Long Life Milk 500g
262,synth,ZZT8 0149 Black Coffee 500g
263,synth,ZZT8 0150 Sparkling Water 500g
264,synth,ZZT8 0151 Rice Crackers 500g
265,synth,ZZT8 0152 Dish Soap 500g
266,synth,ZZT8 0153 Almond Milk 500g
267,synth,ZZT8 0154 Turmeric Powder 1kg
268,synth,ZZT8 0155 Green Tea 1kg
269,synth,ZZT8 0156 Pasta Sauce 1kg
270,synth,ZZT8 0157 Rye Bread 1kg
271,synth,ZZT8 0158 Olive Oil 1kg
272,synth,ZZT8 0159 Chickpeas 1kg
273,synth,ZZT8 0160 Basmati Rice 1kg
274,synth,ZZT8 0161 Salty Crackers 2L
275,synth,ZZT8 0162 Coconut Yoghurt 2L
276,synth,ZZT8 0163 Butter Beans 2L
277,synth,ZZT8 0164 Tomato Paste 2L
278,synth,ZZT8 0165 Maple Syrup 2L
279,synth,ZZT8 0166 Peanut Butter 2L
280,synth,ZZT8 0167 Corn Flakes 2L
281,synth,ZZT8 0168 Paper Towel 750mL
282,synth,ZZT8 0169 Dish Sponges 750mL
283,synth,ZZT8 0170 Vanilla Ice Cream 750mL
284,synth,ZZT8 0171 Salted Cashews 750mL
285,synth,ZZT8 0172 Muesli Bars 750mL
286,synth,ZZT8 0173 Long Life Milk 750mL
287,synth,ZZT8 0174 Black Coffee 750mL
288,synth,ZZT8 0175 Sparkling Water 12 Pack
289,synth,ZZT8 0176 Rice Crackers 12 Pack
290,synth,ZZT8 0177 Dish Soap 12 Pack
291,synth,ZZT8 0178 Almond Milk 12 Pack
292,synth,ZZT8 0179 Turmeric Powder 12 Pack
293,synth,ZZT8 0180 Green Tea 12 Pack
294,synth,ZZT8 0181 Pasta Sauce 12 Pack
295,synth,ZZT8 0182 Rye Bread 5 Pack
296,synth,ZZT8 0183 Olive Oil 5 Pack
297,synth,ZZT8 0184 Chickpeas 5 Pack
298,synth,ZZT8 0185 Basmati Rice 5 Pack
299,synth,ZZT8 0186 Salty Crackers 5 Pack
300,synth,ZZT8 0187 Coconut Yoghurt 5 Pack
301,synth,ZZT8 0188 Butter Beans 5 Pack
302,synth,ZZT8 0189 Tomato Paste 300g
303,synth,ZZT8 0190 Maple Syrup 300g
304,synth,ZZT8 0191 Peanut Butter 300g
305,synth,ZZT8 0192 Corn Flakes 300g
306,synth,ZZT8 0193 Paper Towel 300g
307,synth,ZZT8 0194 Dish Sponges 300g
308,synth,ZZT8 0195 Vanilla Ice Cream 300g
309,synth,ZZT8 0196 Salted Cashews 150g
310,synth,ZZT8 0197 Muesli Bars 150g
311,synth,ZZT8 0198 Long Life Milk 150g
312,synth,ZZT8 0199 Black Coffee 150g
313,synth,ZZT8 0200 Sparkling Water 150g
314,synth,ZZT8 0201 Rice Crackers 150g
315,synth,ZZT8 0202 Dish Soap 150g
316,synth,ZZT8 0203 Almond Milk 4 Pack
317,synth,ZZT8 0204 Turmeric Powder 4 Pack
318,synth,ZZT8 0205 Green Tea 4 Pack
319,synth,ZZT8 0206 Pasta Sauce 4 Pack
320,synth,ZZT8 0207 Rye Bread 4 Pack
321,synth,ZZT8 0208 Olive Oil 4 Pack
322,synth,ZZT8 0209 Chickpeas 4 Pack
323,synth,ZZT8 0210 Basmati Rice 250g
324,synth,ZZT8 0211 Salty Crackers 250g
325,synth,ZZT8 0212 Coconut Yoghurt 250g
326,synth,ZZT8 0213 Butter Beans 250g
327,synth,ZZT8 0214 Tomato Paste 250g
328,synth,ZZT8 0215 Maple Syrup 250g
329,synth,ZZT8 0216 Peanut Butter 250g
330,synth,ZZT8 0217 Corn Flakes 500g
331,synth,ZZT8 0218 Paper Towel 500g
332,synth,ZZT8 0219 Dish Sponges 500g
333,synth,ZZT8 0220 Vanilla Ice Cream 500g
334,synth,ZZT8 0221 Salted Cashews 500g
335,synth,ZZT8 0222 Muesli Bars 500g
336,synth,ZZT8 0223 Long Life Milk 500g
337,synth,ZZT8 0224 Black Coffee 1kg
338,synth,ZZT8 0225 Sparkling Water 1kg
339,synth,ZZT8 0226 Rice Crackers 1kg
340,synth,ZZT8 0227 Dish Soap 1kg
341,synth,ZZT8 0228 Almond Milk 1kg
342,synth,ZZT8 0229 Turmeric Powder 1kg
343,synth,ZZT8 0230 Green Tea 1kg
344,synth,ZZT8 0231 Pasta Sauce 2L
345,synth,ZZT8 0232 Rye Bread 2L
346,synth,ZZT8 0233 Olive Oil 2L
347,synth,ZZT8 0234 Chickpeas 2L
348,synth,ZZT8 0235 Basmati Rice 2L
349,synth,ZZT8 0236 Salty Crackers 2L
350,synth,ZZT8 0237 Coconut Yoghurt 2L
351,synth,ZZT8 0238 Butter Beans 750mL
352,synth,ZZT8 0239 Tomato Paste 750mL
353,synth,ZZT8 0240 Maple Syrup 750mL
354,synth,ZZT8 0241 Peanut Butter 750mL
355,synth,ZZT8 0242 Corn Flakes 750mL
356,synth,ZZT8 0243 Paper Towel 750mL
357,synth,ZZT8 0244 Dish Sponges 750mL
358,synth,ZZT8 0245 Vanilla Ice Cream 12 Pack
359,synth,ZZT8 0246 Salted Cashews 12 Pack
360,synth,ZZT8 0247 Muesli Bars 12 Pack
361,synth,ZZT8 0248 Long Life Milk 12 Pack
362,synth,ZZT8 0249 Black Coffee 12 Pack
363,synth,ZZT8 0250 Sparkling Water 12 Pack
364,synth,ZZT8 0251 Rice Crackers 12 Pack
365,synth,ZZT8 0252 Dish Soap 5 Pack
366,synth,ZZT8 0253 Almond Milk 5 Pack
367,synth,ZZT8 0254 Turmeric Powder 5 Pack
368,synth,ZZT8 0255 Green Tea 5 Pack
369,synth,ZZT8 0256 Pasta Sauce 5 Pack
370,synth,ZZT8 0257 Rye Bread 5 Pack
371,synth,ZZT8 0258 Olive Oil 5 Pack
372,synth,ZZT8 0259 Chickpeas 300g
373,synth,ZZT8 0260 Basmati Rice 300g
374,synth,ZZT8 0261 Salty Crackers 300g
375,synth,ZZT8 0262 Coconut Yoghurt 300g
376,synth,ZZT8 0263 Butter Beans 300g
377,synth,ZZT8 0264 Tomato Paste 300g
378,synth,ZZT8 0265 Maple Syrup 300g
379,synth,ZZT8 0266 Peanut Butter 150g
380,synth,ZZT8 0267 Corn Flakes 150g
381,synth,ZZT8 0268 Paper Towel 150g
382,synth,ZZT8 0269 Dish Sponges 150g
383,synth,ZZT8 0270 Vanilla Ice Cream 150g
384,synth,ZZT8 0271 Salted Cashews 150g
385,synth,ZZT8 0272 Muesli Bars 150g
386,synth,ZZT8 0273 Long Life Milk 4 Pack
387,synth,ZZT8 0274 Black Coffee 4 Pack
388,synth,ZZT8 0275 Sparkling Water 4 Pack
389,synth,ZZT8 0276 Rice Crackers 4 Pack
390,synth,ZZT8 0277 Dish Soap 4 Pack
391,synth,ZZT8 0278 Almond Milk 4 Pack
392,synth,ZZT8 0279 Turmeric Powder 4 Pack
393,synth,ZZT8 0280 Green Tea 250g
394,synth,ZZT8 0281 Pasta Sauce 250g
395,synth,ZZT8 0282 Rye Bread 250g
396,synth,ZZT8 0283 Olive Oil 250g
397,synth,ZZT8 0284 Chickpeas 250g
398,synth,ZZT8 0285 Basmati Rice 250g
399,synth,ZZT8 0286 Salty Crackers 250g
400,synth,ZZT8 0287 Coconut Yoghurt 500g
401,synth,ZZT8 0288 Butter Beans 500g
402,synth,ZZT8 0289 Tomato Paste 500g
403,synth,ZZT8 0290 Maple Syrup 500g
404,synth,ZZT8 0291 Peanut Butter 500g
405,synth,ZZT8 0292 Corn Flakes 500g
406,synth,ZZT8 0293 Paper Towel 500g
407,synth,ZZT8 0294 Dish Sponges 1kg
408,synth,ZZT8 0295 Vanilla Ice Cream 1kg
409,synth,ZZT8 0296 Salted Cashews 1kg
410,synth,ZZT8 0297 Muesli Bars 1kg
411,synth,ZZT8 0298 Long Life Milk 1kg
412,synth,ZZT8 0299 Black Coffee 1kg
413,synth,ZZT8 0300 Sparkling Water 1kg
414,synth,ZZT8 0301 Rice Crackers 2L
415,synth,ZZT8 0302 Dish Soap 2L
416,synth,ZZT8 0303 Almond Milk 2L
417,synth,ZZT8 0304 Turmeric Powder 2L
418,synth,ZZT8 0305 Green Tea 2L
419,synth,ZZT8 0306 Pasta Sauce 2L
420,synth,ZZT8 0307 Rye Bread 2L
421,synth,ZZT8 0308 Olive Oil 750mL
422,synth,ZZT8 0309 Chickpeas 750mL
423,synth,ZZT8 0310 Basmati Rice 750mL
424,synth,ZZT8 0311 Salty Crackers 750mL
425,synth,ZZT8 0312 Coconut Yoghurt 750mL
426,synth,ZZT8 0313 Butter Beans 750mL
427,synth,ZZT8 0314 Tomato Paste 750mL
428,synth,ZZT8 0315 Maple Syrup 12 Pack
429,synth,ZZT8 0316 Peanut Butter 12 Pack
430,synth,ZZT8 0317 Corn Flakes 12 Pack
431,synth,ZZT8 0318 Paper Towel 12 Pack
432,synth,ZZT8 0319 Dish Sponges 12 Pack
433,synth,ZZT8 0320 Vanilla Ice Cream 12 Pack
434,synth,ZZT8 0321 Salted Cashews 12 Pack
435,synth,ZZT8 0322 Muesli Bars 5 Pack
436,synth,ZZT8 0323 Long Life Milk 5 Pack
437,synth,ZZT8 0324 Black Coffee 5 Pack
438,synth,ZZT8 0325 Sparkling Water 5 Pack
439,synth,ZZT8 0326 Rice Crackers 5 Pack
440,synth,ZZT8 0327 Dish Soap 5 Pack
441,synth,ZZT8 0328 Almond Milk 5 Pack
442,synth,ZZT8 0329 Turmeric Powder 300g
443,synth,ZZT8 0330 Green Tea 300g
444,synth,ZZT8 0331 Pasta Sauce 300g
445,synth,ZZT8 0332 Rye Bread 300g
446,synth,ZZT8 0333 Olive Oil 300g
447,synth,ZZT8 0334 Chickpeas 300g
448,synth,ZZT8 0335 Basmati Rice 300g
449,synth,ZZT8 0336 Salty Crackers 150g
450,synth,ZZT8 0337 Coconut Yoghurt 150g
451,synth,ZZT8 0338 Butter Beans 150g
452,synth,ZZT8 0339 Tomato Paste 150g
453,synth,ZZT8 0340 Maple Syrup 150g
454,synth,ZZT8 0341 Peanut Butter 150g
455,synth,ZZT8 0342 Corn Flakes 150g
456,synth,ZZT8 0343 Paper Towel 4 Pack
457,synth,ZZT8 0344 Dish Sponges 4 Pack
458,synth,ZZT8 0345 Vanilla Ice Cream 4 Pack
459,synth,ZZT8 0346 Salted Cashews 4 Pack
460,synth,ZZT8 0347 Muesli Bars 4 Pack
461,synth,ZZT8 0348 Long Life Milk 4 Pack
462,synth,ZZT8 0349 Black Coffee 4 Pack
463,synth,ZZT8 0350 Sparkling Water 250g
464,synth,ZZT8 0351 Rice Crackers 250g
465,synth,ZZT8 0352 Dish Soap 250g
466,synth,ZZT8 0353 Almond Milk 250g
467,synth,ZZT8 0354 Turmeric Powder 250g
468,synth,ZZT8 0355 Green Tea 250g
469,synth,ZZT8 0356 Pasta Sauce 250g
470,synth,ZZT8 0357 Rye Bread 500g
471,synth,ZZT8 0358 Olive Oil 500g
472,synth,ZZT8 0359 Chickpeas 500g
473,synth,ZZT8 0360 Basmati Rice 500g
474,synth,ZZT8 0361 Salty Crackers 500g
475,synth,ZZT8 0362 Coconut Yoghurt 500g
476,synth,ZZT8 0363 Butter Beans 500g
477,synth,ZZT8 0364 Tomato Paste 1kg
478,synth,ZZT8 0365 Maple Syrup 1kg
479,synth,ZZT8 0366 Peanut Butter 1kg
480,synth,ZZT8 0367 Corn Flakes 1kg
481,synth,ZZT8 0368 Paper Towel 1kg
482,synth,ZZT8 0369 Dish Sponges 1kg
483,synth,ZZT8 0370 Vanilla Ice Cream 1kg
484,synth,ZZT8 0371 Salted Cashews 2L
485,synth,ZZT8 0372 Muesli Bars 2L
486,synth,ZZT8 0373 Long Life Milk 2L
487,synth,ZZT8 0374 Black Coffee 2L
488,synth,ZZT8 0375 Sparkling Water 2L
489,synth,ZZT8 0376 Rice Crackers 2L
490,synth,ZZT8 0377 Dish Soap 2L
491,synth,ZZT8 0378 Almond Milk 750mL
492,synth,ZZT8 0379 Turmeric Powder 750mL
493,synth,ZZT8 0380 Green Tea 750mL
494,synth,ZZT8 0381 Pasta Sauce 750mL
495,synth,ZZT8 0382 Rye Bread 750mL
496,synth,ZZT8 0383 Olive Oil 750mL
497,synth,ZZT8 0384 Chickpeas 750mL
498,synth,ZZT8 0385 Basmati Rice 12 Pack
499,synth,ZZT8 0386 Salty Crackers 12 Pack
500,synth,ZZT8 0387 Coconut Yoghurt 12 Pack
