id,ts,label,cmd,rc,secs,output_file,headline
S1.V00,13:47:11,"todo show BEFORE meat-term compares (D18 write-check baseline)","todo show",0,5.0,S1.V00_todo_show_BEFORE_meat-term_compares_(D18_write-check_baselin.txt,"📝 TO-DO — WEBSITE ADDS (ONE QUEUE)"
S1.V01,13:47:37,"FIX-1 Sunbites Sour 60g (60g sheet vs 110g live must NOT pair)","compare --items Sunbites Sour 60g",0,14.9,S1.V01_FIX-1_Sunbites_Sour_60g_(60g_sheet_vs_110g_live_must_NOT_pai.txt,"🛒 BASKET COMPARISON"
S1.V02,13:47:56,"FIX-1 regression Lindt tin (blank WW cell, live hit — must be same-product within 20% if paired)","compare --items Lindt Hot Choc Flakes Tin 210g",0,18.4,S1.V02_FIX-1_regression_Lindt_tin_(blank_WW_cell,_live_hit_—_must_b.txt,"🛒 BASKET COMPARISON"
S1.V03,13:51:07,"FIX-6 chicken breast (must never answer Jumpy's chips)","compare --items chicken breast",0,191.2,S1.V03_FIX-6_chicken_breast_(must_never_answer_Jumpy's_chips).txt,"[halal] The Bare Bird Free Range Chicken Breast Fillets 600g: non_halal (confidence 0.80)"
S1.V04,13:51:12,"FIX-6 sugar (must never answer Red Bull/V Sugarfree)","compare --items sugar",0,5.1,S1.V04_FIX-6_sugar_(must_never_answer_Red_Bull_V_Sugarfree).txt,"🛒 BASKET COMPARISON"
S1.V05,13:51:29,"FIX-6 eggplant boundary (must not hit eggs)","compare --items eggplant",0,17.5,S1.V05_FIX-6_eggplant_boundary_(must_not_hit_eggs).txt,"🛒 BASKET COMPARISON"
S1.V06,13:51:47,"FIX-7 junk query (found-block, no totals)","compare --items xyzzy plugh quantum banana 999",0,18.1,S1.V06_FIX-7_junk_query_(found-block,_no_totals).txt,"🛒 BASKET COMPARISON"
S1.V07,13:52:13,"FIX-7 legit fuzzy milkk (resolve or ask, no nonsense)","compare --items milkk",0,25.9,S1.V07_FIX-7_legit_fuzzy_milkk_(resolve_or_ask,_no_nonsense).txt,"🛒 BASKET COMPARISON"
S1.V08,13:52:18,"Round-B watch: plain milk query still auto-prices (negation guard over-block check)","compare --items milk",0,5.0,S1.V08_Round-B_watch__plain_milk_query_still_auto-prices_(negation_.txt,"🛒 BASKET COMPARISON"
S1.V03b,13:57:19,"todo show AFTER chicken-breast compare (D18 write-check)","todo show",0,4.0,S1.V03b_todo_show_AFTER_chicken-breast_compare_(D18_write-check).txt,"📝 TO-DO — WEBSITE ADDS (ONE QUEUE)"
S1.W01,14:06:13,"FIX-2 wednesday --dry-run (state must be untouched)","wednesday --dry-run --no-prompt --no-telegram --no-scp",0,30.2,S1.W01_FIX-2_wednesday_--dry-run_(state_must_be_untouched).txt,"📅 WEDNESDAY GROCERY SYNC"
S1.F01,14:19:36,"FIX-4 expired FRUT board re-ingest (must write nothing)","local-deals --ingest FRUT --no-telegram",0,1.6,S1.F01_FIX-4_expired_FRUT_board_re-ingest_(must_write_nothing).txt,"[ingest] FRUT: processing 1 file(s)"
S1.F02,14:20:33,"FIX-3/FIX-8 crafted future post V01 (multibuy math + word-order merge)","local-deals --ingest FRU0926V01 --no-telegram",0,11.6,S1.F02_FIX-3_FIX-8_crafted_future_post_V01_(multibuy_math_+_word-or.txt,"[ingest] FRU0926V01: processing 1 file(s)"
S1.F03,14:21:29,"FIX-4 plain reprice of Carrots (promo comment must die)","local-deals --ingest FRU0926V02 --no-telegram",0,10.5,S1.F03_FIX-4_plain_reprice_of_Carrots_(promo_comment_must_die).txt,"[ingest] FRU0926V02: processing 1 file(s)"
S1.F04,14:22:00,"FIX-4 set-special merjan beef mince past till","local-deals --set-special merjan beef mince 8.99/kg --till 5 September --note multi buy 2 for 5",2,0.5,S1.F04_FIX-4_set-special_merjan_beef_mince_past_till.txt,""
S1.F04,14:22:28,"FIX-4 set-special merjan beef mince past till","local-deals --set-special merjan beef mince 8.99/kg --till 5 September --note multi buy 2 for 5",2,0.3,S1.F04_FIX-4_set-special_merjan_beef_mince_past_till.txt,""
S1.F04,14:23:14,"FIX-4 set-special merjan beef-mince past till","local-deals --set-special merjan beef mince 8.99/kg --till 5 September --note multi buy 2 for 5",0,5.1,S1.F04_FIX-4_set-special_merjan_beef-mince_past_till.txt,"Merjan Brothers Quality Meats special: beef mince /kg = 8.99 (till 5 Sep) — was empty [row 94]"
S1.F05,14:24:00,"FIX-4 expire-sweep (must clear price AND comment)","local-deals --expire-sweep",0,5.0,S1.F05_FIX-4_expire-sweep_(must_clear_price_AND_comment).txt,"[local-deals] expiry sweep: 2 cell(s) removed"
S1.F06,14:24:14,"FIX-4 expire-sweep 2nd run (idempotent, 0 removed)","local-deals --expire-sweep",0,4.7,S1.F06_FIX-4_expire-sweep_2nd_run_(idempotent,_0_removed).txt,"[local-deals] expiry sweep: 0 cell(s) removed"
S1.M00,14:27:12,"todo show BEFORE Yallamundi tests","todo show",0,3.7,S1.M00_todo_show_BEFORE_Yallamundi_tests.txt,"📝 TO-DO — WEBSITE ADDS (ONE QUEUE)"
S1.M01,14:27:23,"FIX-5 next (item 1 view)","map unmatched --next",0,4.9,S1.M01_FIX-5_next_(item_1_view).txt,"--- Item 1/2 ---"
S1.M02,14:27:29,"FIX-5 skip to item 2 (Yallamundi)","map unmatched --skip",0,5.0,S1.M02_FIX-5_skip_to_item_2_(Yallamundi).txt,"✅ Skipped: Byron Bay Chilli Co. Smoky Chipotle Hot Sauce | 150mL"
S1.M03,14:27:34,"FIX-5 add with Coles breaker OPEN (must not borrow WW)","map unmatched --add",1,4.8,S1.M03_FIX-5_add_with_Coles_breaker_OPEN_(must_not_borrow_WW).txt,"--- Item 2/2 ---"
S1.M04,14:28:23,"FIX-5 next after failed add (position intact?)","map unmatched --next",0,4.2,S1.M04_FIX-5_next_after_failed_add_(position_intact_).txt,"--- Item 2/2 ---"
S1.M05,14:28:28,"todo show after broken-store add (no entry?)","todo show",0,4.5,S1.M05_todo_show_after_broken-store_add_(no_entry_).txt,"📝 TO-DO — WEBSITE ADDS (ONE QUEUE)"
S1.M06,14:29:08,"FIX-5 healthy Coles add (Coles-only search, Col E, coles to-do)","map unmatched --add",0,18.8,S1.M06_FIX-5_healthy_Coles_add_(Coles-only_search,_Col_E,_coles_to-.txt,"--- Item 2/2 ---"
S1.M07,14:30:25,"todo show after undo (back to 4?)","todo show",0,3.8,S1.M07_todo_show_after_undo_(back_to_4_).txt,"📝 TO-DO — WEBSITE ADDS (ONE QUEUE)"
T1.C01,14:34:12,"compare sheet-mode batch 1 (25 sheet items)","compare --items Tasty Cheese Crackers, Garbage Bags, Wholemeal Sandwich Bread, Baking Paper 15m, White Soft Sandwich Bread, Medium Sandwich bags 30Pk, Softner, Sandwich Icecream 4Pk, Aluminium Foil 30m, Banana Kids 5, Full Cream Milk 3L, Dare No Sugar Dbl Expresso 2L, Organic Free Range Eggs 12 Pack 600g, Salted Cashews, Battery AAA, Battery AA, Tomato, Bounty Chocolate, Capsicum Green each, Sunbites Sour 60g, Corn Chips, Evamay Pads With Wings Super 14 pack, Nutella Breadsticks, Mount Franklin Water 600Ml, Hot Hands Hand Warmers Pair each --mode sheet",0,4.9,T1.C01_compare_sheet-mode_batch_1_(25_sheet_items).txt,"🛒 BASKET COMPARISON"
T1.C02,14:34:17,"compare sheet-mode batch 2 (25 sheet items)","compare --items Spring Onion Bunch each, V Watermelon 250Ml, V Blackcurrent 250Ml, V Zero 250 Ml, Red Rock Chilli Sriracha, Chobani 15G Protein Greek Yogurt Strawberry Pouch 150g, Red Bull Sugar Free, Woolworths Fresh Herb Coriander Bunch each, Loacker Chocolate, Mount Franklin Sparkling Lime 450Ml, Eclipse Intense Mint, So Chocolate Almond 1L, Brown Onion 1Kg, Up&Go Chocolate Protein 500Ml, Daily Juice Orange Pulp 500ml, Jumpy's Chicken Potato Chips 5 pack, Cheese Puff Pastry, Jumpy's Chicken Multipack, Hillview Cheese Slice, Wonder White Bread, Raw Sugar 3Kg, Up&Go Strawberry 3*250ml, Royal Gala Apple 1 Kg, the Juice Brothers Tropical, Weet Bix Kids --mode sheet",0,4.6,T1.C02_compare_sheet-mode_batch_2_(25_sheet_items).txt,"🛒 BASKET COMPARISON"
T1.C03,14:34:21,"compare sheet-mode batch 3 (25 sheet items)","compare --items Kettle Chilli 165G, Sunbites Sour Cream Mulipack, Mr Kipling Choc 6 Pk, Chocolate Hazelnut Spread, Eggs Free Rage 12Pc, Farmer Union Greek Yoghurt 1Kg, Blueberries, Mccain Jalepeno, Sunny Queen Free Range 12 Pk, Twisted Chocolate Icecream, Radiant Advanced Ultra Powder+, Strawberries, Raspberries Punnet 125g, Extra Spearmint Chewing Multipack, Sunbites Grain Waves Sour Cream & Chives 22g x 8 pack, Smith Cheese & Onion Multipack 8, V Watermelon 4*250, V Sugarfree 4*250, David Beckham Instinct, Greek Salad Kit 400g, Tegel Nashville Tenders 500g, Obela Hommus 3Pk 60g, Freshen Up Spray, Greek Salad Kit 270g, Steggles Korean Tenders 600g --mode sheet",0,4.6,T1.C03_compare_sheet-mode_batch_3_(25_sheet_items).txt,"🛒 BASKET COMPARISON"
T1.C04,14:34:26,"compare sheet-mode batch 4 (25 sheet items)","compare --items Steggles Habanero Wings 1Kg, Woolworths Beef Mince 500g, Yumi's Herb Falafel 200g, Carman's Apple & Blueberry Fruit Straps 5 pack, Woolworths Greek Style Fetta 200g, Tamar Valley Dairy Yoghurt Mango & Cream 170g, Farmers Union Greek Style High Protein Yoghurt Pouch Mango 150g, Tamar Valley Dairy Yoghurt Mango & Cream 700g, Tegel Take Outs Nashville Style Chicken Burgers 600g, Birds Eye Golden Crunch Thin & Crispy Chips 900g, V Energy Zero Sugar Drink Blackcurrant & Yuzu 250mL, Glow Lab Coconut & Sandalwood Body Wash 900mL, White Glo Professional Whitening Toothpaste 115g, RAW SUGAR 2KG, Woolworths Little Gem Lettuce Green 2 pack, Full+ On The Go Meal Replacement Chocolate 480mL, DAIRY FARMERS THICK & CREAMY MANGO & PASSIONFRUIT YOGHURT, Green's Original Pancake Shake 375g, Thanks To Nature Shaving Cream Cherry Blossom & White Tea 150mL, Woolworths Tasty Shredded Cheese 500g, Woolworths Mozzarella Shredded Cheese 500g, Woolworths Light Tasty Shredded Cheese 500g, LIDDELLS LACTOSE FREE SHREDDED CHEESE 250G, Bio Cheese Dairy Free Cheddar Slices 200g, Woolworths Microwave Basmati Rice 250g --mode sheet",0,4.5,T1.C04_compare_sheet-mode_batch_4_(25_sheet_items).txt,"🛒 BASKET COMPARISON"
T1.C05,14:34:31,"compare sheet-mode batch 5 (13 sheet items)","compare --items Woolworths Pasta Spirals 500g, Yucateco XXXTRA Hot Habanero Sauce 120mL, Mount Franklin Lightly Sparkling Water Lime Bottle 1.25L, Woolworths Coat & Cook Seasoning Mix Southern Fried Chicken 50g, DermaVeen Daily Nourish Moisturising Lotion 500mL, DermaVeen Extra Hydration Intensive Moisturising Lotion 500mL, DERMAVEEN EXTRA HYDRATION INTENSIVE MOISTURISING LOTION COLLOIDAL OATMEAL, Casa Serena 500ml Body Lotion/Moisturiser Hand/Skin Cream Blood Orange & Citrus, CETAPHIL MOISTURISING LOTION 473ML, AVEENO DAILY MOISTURISING BODY LOTION, Mozzarella Cheese Sticks 235g 10 Pack, Olive Oil Spread 500g, Lindt Hot Choc Flakes Tin 210g --mode sheet",0,4.9,T1.C05_compare_sheet-mode_batch_5_(13_sheet_items).txt,"🛒 BASKET COMPARISON"
T1.V01,14:34:40,"compare single item (sheet)","compare --items Tasty Cheese Crackers",0,4.5,T1.V01_compare_single_item_(sheet).txt,"🛒 BASKET COMPARISON"
T1.V02,14:36:31,"compare multi 6 items auto mode","compare --items Chobani 15G Protein Greek Yogurt Strawberry Pouch 150g, Red Bull Sugar Free, Woolworths Fresh Herb Coriander Bunch each, Loacker Chocolate, Mount Franklin Sparkling Lime 450Ml, Eclipse Intense Mint",0,111.5,T1.V02_compare_multi_6_items_auto_mode.txt,"🛒 BASKET COMPARISON"
T1.V03,14:36:36,"compare --no-team-discount (raw prices)","compare --items Tasty Cheese Crackers --no-team-discount",0,4.9,T1.V03_compare_--no-team-discount_(raw_prices).txt,"🛒 BASKET COMPARISON"
T1.V04,14:36:41,"compare --extra-discount 10","compare --items Tasty Cheese Crackers --extra-discount 10",0,4.9,T1.V04_compare_--extra-discount_10.txt,"🛒 BASKET COMPARISON"
T1.V05,14:36:46,"compare --team-discount explicit","compare --items Tasty Cheese Crackers --team-discount",0,4.6,T1.V05_compare_--team-discount_explicit.txt,"🛒 BASKET COMPARISON"
T1.V06,14:36:50,"compare not-on-sheet item (live fallback expected)","compare --items Duracell AAA batteries 8 pack",0,4.4,T1.V06_compare_not-on-sheet_item_(live_fallback_expected).txt,"🛒 BASKET COMPARISON"
T1.V07,14:37:05,"compare junk/nonsense item","compare --items xyzzy plugh quantum banana 999",0,15.1,T1.V07_compare_junk_nonsense_item.txt,"🛒 BASKET COMPARISON"
T1.V08,14:37:06,"compare empty items","compare --items ",0,1.1,T1.V08_compare_empty_items.txt,"🛒 BASKET COMPARISON"
T1.V09,14:37:33,"compare multi-buy priced sheet item","compare --items Banana Kids 5, Bounty Chocolate, Sunbites Sour 60g",0,26.3,T1.V09_compare_multi-buy_priced_sheet_item.txt,"🛒 BASKET COMPARISON"
T1.V10,14:39:31,"compare halal meat query","compare --items chicken breast",0,118.3,T1.V10_compare_halal_meat_query.txt,"[halal] The Bare Bird Free Range Chicken Breast Fillets 600g: non_halal (confidence 1.00)"
T1.V11,14:40:18,"compare misspelled known item","compare --items milkk",0,47.3,T1.V11_compare_misspelled_known_item.txt,"🛒 BASKET COMPARISON"
T1.V12,14:40:45,"compare items with quotes/commas stress","compare --items O'Brien 'premium' milk, egg",0,27.3,T1.V12_compare_items_with_quotes_commas_stress.txt,"🛒 BASKET COMPARISON"
T1.A01,14:40:55,"specials all","specials",0,5.3,T1.A01_specials_all.txt,"🏷️ WOOLWORTHS SPECIALS"
T1.A02,14:41:00,"specials woolworths","specials --store woolworths",0,4.9,T1.A02_specials_woolworths.txt,"🏷️ WOOLWORTHS SPECIALS"
T1.A03,14:41:05,"specials coles","specials --store coles",0,5.0,T1.A03_specials_coles.txt,"🏷️ WOOLWORTHS SPECIALS"
T1.A04,14:41:10,"rewards","rewards",0,5.3,T1.A04_rewards.txt,"No bonus rewards (column O not populated)."
T1.A05,14:41:15,"subcategories","subcategories",0,5.3,T1.A05_subcategories.txt,"🗂️ SUB-CATEGORIES"
T1.A06,14:41:20,"analyze savings","analyze --query savings",0,4.3,T1.A06_analyze_savings.txt,"📊 TOP 5 WOOLWORTHS SAVINGS VS COLES"
T1.A07,14:41:25,"analyze home-brands","analyze --query home-brands",0,4.8,T1.A07_analyze_home-brands.txt,"📊 WOOLWORTHS HOME BRANDS"
T1.A08,14:41:29,"analyze categories","analyze --query categories",0,4.8,T1.A08_analyze_categories.txt,"📊 CATEGORY BREAKDOWN"
T1.A09,14:41:35,"recipe French toast","recipe --name French toast --ingredients bread, eggs, milk, sugar",0,5.3,T1.A09_recipe_French_toast.txt,"🧾 RECIPE — FRENCH TOAST"
T1.A10,14:41:47,"optimize sheet-priced 6 items","optimize --items Jumpy's Chicken Potato Chips 5 pack, Cheese Puff Pastry, Jumpy's Chicken Multipack, Hillview Cheese Slice, Wonder White Bread, Raw Sugar 3Kg",0,12.4,T1.A10_optimize_sheet-priced_6_items.txt,"🧠 SMART BASKET — 6 ITEMS"
T1.A11,14:41:52,"optimize refuse <5 items","optimize --items milk, bread",2,4.5,T1.A11_optimize_refuse__5_items.txt,""
T1.A12,14:42:04,"optimize --min-saving 50 (force split view)","optimize --items Kettle Chilli 165G, Sunbites Sour Cream Mulipack, Mr Kipling Choc 6 Pk, Chocolate Hazelnut Spread, Eggs Free Rage 12Pc --min-saving 50",0,12.1,T1.A12_optimize_--min-saving_50_(force_split_view).txt,"🧠 LIVE SEARCH ITEMS — PLS CONFIRM"
T1.A13,14:42:12,"optimize --confirm none (no writes)","optimize --items Radiant Advanced Ultra Powder+, Strawberries, Raspberries Punnet 125g, Extra Spearmint Chewing Multipack, Sunbites Grain Waves Sour Cream & Chives 22g x 8 pack --confirm none",0,8.4,T1.A13_optimize_--confirm_none_(no_writes).txt,"Live search skipped — nothing was written."
T1.A14,14:42:18,"lists","lists",0,5.4,T1.A14_lists.txt,"📊 THE 7 LISTS — LIVE COUNTS"
T1.A15,14:42:23,"lists --full","lists --full",0,5.2,T1.A15_lists_--full.txt,"📊 THE 7 LISTS — LIVE COUNTS"
T1.A16,14:42:28,"no-price","no-price",0,5.7,T1.A16_no-price.txt,"⚠️ no-price is now 'Missed pricing' — one-store failures included (user rule 2026-09-03). Use missed-pricing for the same report."
T1.A17,14:42:33,"missed-pricing show","missed-pricing",0,4.8,T1.A17_missed-pricing_show.txt,"🔎 MISSED PRICING"
T1.A18,14:42:34,"unmapped","unmapped",0,0.4,T1.A18_unmapped.txt,"📋 PENDING LINKS — STORAGE BEHIND THE UNMATCHED LIST"
T1.A19,14:42:39,"todo show","todo show",0,4.8,T1.A19_todo_show.txt,"📝 TO-DO — WEBSITE ADDS (ONE QUEUE)"
T1.A20,14:42:44,"searched-items retired notice","searched-items",0,5.0,T1.A20_searched-items_retired_notice.txt,"⚠️ The searched-items queue is RETIRED (2026-09-03) — everything lives on the ONE to-do list:"
T1.A11,14:42:54,"optimize refuse <5 items","optimize --items milk, bread",2,5.0,T1.A11_optimize_refuse__5_items.txt,""
T1.A12,14:43:04,"optimize --min-saving 50 (force split view)","optimize --items Banana Kids 5, Bounty Chocolate, Wonder White Bread, Hillview Cheese Slice, Jumpy's Chicken Multipack --min-saving 50",0,10.6,T1.A12_optimize_--min-saving_50_(force_split_view).txt,"🧠 SMART BASKET — 5 ITEMS"
T1.A13,14:43:06,"optimize --confirm none (no writes)","optimize --items Greek Salad Kit 270g, Smith Cheese & Onion Multipack 8, V Watermelon 4*250, Red Bull Sugar Free, Jumpy's Chicken Potato Chips 5 pack --confirm none",1,1.2,T1.A13_optimize_--confirm_none_(no_writes).txt,""
T1.A14,14:43:10,"lists","lists",0,4.4,T1.A14_lists.txt,"📊 THE 7 LISTS — LIVE COUNTS"
T1.A15,14:43:16,"lists --full","lists --full",0,5.8,T1.A15_lists_--full.txt,"📊 THE 7 LISTS — LIVE COUNTS"
T1.A16,14:43:20,"no-price","no-price",0,4.4,T1.A16_no-price.txt,"⚠️ no-price is now 'Missed pricing' — one-store failures included (user rule 2026-09-03). Use missed-pricing for the same report."
T1.A17,14:43:25,"missed-pricing show","missed-pricing",0,4.6,T1.A17_missed-pricing_show.txt,"🔎 MISSED PRICING"
T1.A18,14:43:25,"unmapped","unmapped",0,0.5,T1.A18_unmapped.txt,"📋 PENDING LINKS — STORAGE BEHIND THE UNMATCHED LIST"
T1.A19,14:43:30,"todo show","todo show",0,4.9,T1.A19_todo_show.txt,"📝 TO-DO — WEBSITE ADDS (ONE QUEUE)"
T1.A20,14:43:35,"searched-items retired notice","searched-items",0,5.1,T1.A20_searched-items_retired_notice.txt,"⚠️ The searched-items queue is RETIRED (2026-09-03) — everything lives on the ONE to-do list:"
T2.S01,14:44:56,"live search broccoli","search --product broccoli",0,32.1,T2.S01_live_search_broccoli.txt,"🔍 BROCCOLI — LIVE PRICES"
T2.S02,14:45:40,"live search chobani yogurt 1kg","search --product Chobani Greek Yogurt 1kg",0,43.5,T2.S02_live_search_chobani_yogurt_1kg.txt,"🔍 CHOBANI GREEK YOGURT 1KG — LIVE PRICES"
T2.S03,14:46:04,"live search coca cola 2l","search --product coca cola 2l",0,24.5,T2.S03_live_search_coca_cola_2l.txt,"🔍 COCA COLA 2L — LIVE PRICES"
T2.S04,14:46:27,"live search generic dog food","search --product dog food",0,22.9,T2.S04_live_search_generic_dog_food.txt,"🔍 DOG FOOD — LIVE PRICES"
T2.S05,14:47:05,"live search junk nonsense","search --product zzxxyy qwerty nonsense product 42",0,37.5,T2.S05_live_search_junk_nonsense.txt,"🔍 ZZXXYY QWERTY NONSENSE PRODUCT 42 — LIVE PRICES"
T2.S06,14:47:46,"live search unicode emoji","search --product café ☕ coffee capsules",0,40.9,T2.S06_live_search_unicode_emoji.txt,"🔍 CAFÉ ☕ COFFEE CAPSULES — LIVE PRICES"
T2.S07,14:50:53,"live search injection-style string","search --product '; DROP TABLE products; --",0,187.8,T2.S07_live_search_injection-style_string.txt,"🔍 '; DROP TABLE PRODUCTS; -- — LIVE PRICES"
T2.S08,14:50:56,"live search single letter m","search --product m",0,2.5,T2.S08_live_search_single_letter_m.txt,"🔍 M — LIVE PRICES"
T2.S09,14:50:59,"live search number 12345","search --product 12345",0,3.4,T2.S09_live_search_number_12345.txt,"🔍 12345 — LIVE PRICES"
T2.S10,14:51:02,"live search pasta sauce --expand","search --product pasta sauce --expand",0,2.3,T2.S10_live_search_pasta_sauce_--expand.txt,"🔍 PASTA SAUCE — LIVE PRICES"
T2.S11,14:51:04,"live search lindt hot choc flakes (missed-pricing item)","search --product Lindt Hot Choc Flakes Milk Tin 210g",0,2.1,T2.S11_live_search_lindt_hot_choc_flakes_(missed-pricing_item).txt,"🔍 LINDT HOT CHOC FLAKES MILK TIN 210G — LIVE PRICES"
T2.S12,14:51:06,"live search mozzarella sticks 10pk (delete-pending row)","search --product Mozzarella Cheese Sticks 235g 10 Pack",0,2.7,T2.S12_live_search_mozzarella_sticks_10pk_(delete-pending_row).txt,"🔍 MOZZARELLA CHEESE STICKS 235G 10 PACK — LIVE PRICES"
T2.S13,14:51:09,"live search spring onion bunch (N/A keyword)","search --product Spring Onion Bunch each",0,2.5,T2.S13_live_search_spring_onion_bunch_(N_A_keyword).txt,"🔍 SPRING ONION BUNCH EACH — LIVE PRICES"
T2.S14,14:51:11,"live search gluten free bread","search --product gluten free bread",0,2.2,T2.S14_live_search_gluten_free_bread.txt,"🔍 GLUTEN FREE BREAD — LIVE PRICES"
T2.S15,14:51:14,"live search tuna in oil","search --product tuna in oil",0,2.4,T2.S15_live_search_tuna_in_oil.txt,"🔍 TUNA IN OIL — LIVE PRICES"
T2.S16,14:51:16,"live search red bull sugarfree 4pack (multibuy row)","search --product Red Bull Sugar Free 4 Pack",0,2.7,T2.S16_live_search_red_bull_sugarfree_4pack_(multibuy_row).txt,"🔍 RED BULL SUGAR FREE 4 PACK — LIVE PRICES"
T2.S17,14:51:20,"live search 200-char string","search --product aaaaaaaaaaaaaaaaaaaaaaaaaaaaaaaaaaaaaaaaaaaaaaaaaaaaaaaaaaaaaaaaaaaaaaaaaaaaaaaaaaaaaaaaaaaaaaaaaaaaaaaaaaaaaaaaaaaaaaaaaaaaaaaaaaaaaaaaaaaaaaaaaaaaaaaaaaaaaaaaaaaaaaaaaaaaaaaaaaaaaaaaaaaaaaaaaaaaaaaa supermarket product",0,4.1,T2.S17_live_search_200-char_string.txt,"🔍 AAAAAAAAAAAAAAAAAAAAAAAAAAAAAAAAAAAAAAAAAAAAAAAAAAAAAAAAAAAAAAAAAAAAAAAAAAAAAAAAAAAAAAAAAAAAAAAAAAAAAAAAAAAAAAAAAAAAAAAAAAAAAAAAAAAAAAAAAAAAAAAAAAAAAAAAAAAAAA"
T2.S18,14:51:21,"live search empty product","search --product ",1,0.4,T2.S18_live_search_empty_product.txt,""
T2.S19,14:51:23,"live search halal chicken mince","search --product halal chicken mince",0,2.5,T2.S19_live_search_halal_chicken_mince.txt,"🔍 HALAL CHICKEN MINCE — LIVE PRICES"
T2.S20,14:51:26,"live search energy drink --expand junk store","search --product energy drink --expand",0,2.3,T2.S20_live_search_energy_drink_--expand_junk_store.txt,"🔍 ENERGY DRINK — LIVE PRICES"
T3.D01,14:52:37,"T3 wednesday --dry-run (state untouched + would-write printed)","wednesday --dry-run --no-prompt --no-telegram --no-scp",0,25.2,T3.D01_T3_wednesday_--dry-run_(state_untouched_+_would-write_printe.txt,"📅 WEDNESDAY GROCERY SYNC"
T4.M01,14:54:43,"todo show with fixture (6)","todo show",0,4.9,T4.M01_todo_show_with_fixture_(6).txt,"📝 TO-DO — WEBSITE ADDS (ONE QUEUE)"
T4.M02,14:54:44,"todo done RAG,ZZZ (all-or-nothing invalid)","todo done --items RAG,ZZZ",1,0.3,T4.M02_todo_done_RAG,ZZZ_(all-or-nothing_invalid).txt,""
T4.M03,14:54:49,"todo done RAG (WW keyword write)","todo done --items RAG",0,5.1,T4.M03_todo_done_RAG_(WW_keyword_write).txt,"✅ Removed: ZZTEST Woolworths Keyword 250g (Woolworths)"
T4.M05,14:55:00,"todo gone XKF (Coles GONE stamp)","todo gone --items XKF",0,5.0,T4.M05_todo_gone_XKF_(Coles_GONE_stamp).txt,"✅ Removed: ZZTEST Coles Keyword 250g (Coles)"
T4.M07,14:55:01,"update ZZTEST price 0 (error path)","update --product ZZTEST T4V Mechanism Product 250g --store woolworths --price 0",1,0.4,T4.M07_update_ZZTEST_price_0_(error_path).txt,""
T4.M08,14:56:04,"missed-pricing show (ZZTEST FIXABLE code expected)","missed-pricing show",0,3.6,T4.M08_missed-pricing_show_(ZZTEST_FIXABLE_code_expected).txt,"🔎 MISSED PRICING"
T4.M09,14:56:28,"missed-pricing gone ABH (strike 1: GONE stamp)","missed-pricing gone --items ABH",0,12.5,T4.M09_missed-pricing_gone_ABH_(strike_1__GONE_stamp).txt,"✅ [ABH] ZZTEST T4V Mechanism Product 250g — woolworths price cell marked GONE (row 116) — keyword untouched."
T4.M11,14:56:34,"missed-pricing --purge --dry-run (safe probe, ABG real must show)","missed-pricing --purge --dry-run",0,5.1,T4.M11_missed-pricing_--purge_--dry-run_(safe_probe,_ABG_real_must_.txt,"🔎 MISSED PRICING"
T4.M13,14:56:39,"missed-pricing gone ABH (strike 2: row delete + archive)","missed-pricing gone --items ABH",1,5.5,T4.M13_missed-pricing_gone_ABH_(strike_2__row_delete_+_archive).txt,""
T4.M10,14:57:25,"missed-pricing show after strike 1 (ABH gone from list?)","missed-pricing show",0,4.2,T4.M10_missed-pricing_show_after_strike_1_(ABH_gone_from_list_).txt,"🔎 MISSED PRICING"
T4.W01,14:58:49,"todo show (check for Zwan auto-add entry)","todo show",0,4.0,T4.W01_todo_show_(check_for_Zwan_auto-add_entry).txt,"📝 TO-DO — WEBSITE ADDS (ONE QUEUE)"
T4.U01,14:59:24,"map status (U-series)","map status",0,0.3,T4.U01_map_status_(U-series).txt,"📊 MAP STATUS"
T4.U02,14:59:30,"map unmatched --next (position/debt view)","map unmatched --next",0,5.2,T4.U02_map_unmatched_--next_(position_debt_view).txt,"--- Item 1/2 ---"
T4.X01,14:59:31,"map coles --next (D9 stale-snapshot recheck, VIEW ONLY)","map coles --next",0,1.2,T4.X01_map_coles_--next_(D9_stale-snapshot_recheck,_VIEW_ONLY).txt,"--- Item 1/8 ---"
