i,name,wrote,merged,row_index,range_written,error
1,ZZV3B3 Guard Probe 01,True,,115,A115:S115,
2,ZZV3B3 Guard Probe 02,True,,116,A116:S116,
3,ZZV3B3 Guard Probe 03,True,,117,A117:S117,
4,ZZV3B3 Guard Probe 04,True,,118,A118:S118,
5,ZZV3B3 Guard Probe 05,True,,119,A119:S119,
6,ZZV3B3 Guard Probe 06,True,,120,A120:S120,
7,ZZV3B3 Guard Probe 07,True,,121,A121:S121,
8,ZZV3B3 Guard Probe 08,True,,122,A122:S122,
9,ZZV3B3 Guard Probe 09,True,,123,A123:S123,
10,ZZV3B3 Guard Probe 10,True,,124,A124:S124,
11,ZZV3B3 Guard Probe 11,True,,125,A125:S125,
12,ZZV3B3 Guard Probe 12,True,,126,A126:S126,
13,ZZV3B3 Guard Probe 13,True,,127,A127:S127,
14,ZZV3B3 Guard Probe 14,True,,128,A128:S128,
15,ZZV3B3 Guard Probe 15,True,,129,A129:S129,
16,ZZV3B3 Guard Probe 16,True,,130,A130:S130,
17,ZZV3B3 Guard Probe 17,True,,131,A131:S131,
18,ZZV3B3 Guard Probe 18,True,,132,A132:S132,
19,ZZV3B3 Guard Probe 19,True,,133,A133:S133,
20,ZZV3B3 Guard Probe 20,True,,134,A134:S134,
21,ZZV3B3 Guard Probe 21,True,,135,A135:S135,
22,ZZV3B3 Guard Probe 22,True,,136,A136:S136,
23,ZZV3B3 Guard Probe 23,True,,137,A137:S137,
24,ZZV3B3 Guard Probe 24,True,,138,A138:S138,
25,ZZV3B3 Guard Probe 25,True,,139,A139:S139,
